Email,Member Type,Name,Mobile Number
john.doe@example.com,EO Dubai Member,John Doe,1234567890
jane.smith@example.com,EO Dubai Spouse,Jane Smith,0987654321
alice.johnson@example.com,EO Dubai Accelerator,Alice Johnson,1122334455
devanshudandekar5@gmail.com,EO Dubai Member,Devanshu Dandekar,5544332211
eva@nxg.world,EO Dubai Spouse,Eva Sharma,6677889900
eva.sharma911@gmail.com,EO Dubai Member,Eva Sharma,0099887766
aravind.sanjay@centena.com,EO Dubai Member,Aravind Sanjay,1231231234
aravindsanjay6@gmail.com,EO Dubai Spouse,Aravind Sanjay,4321432143
sanjay.raghunath@centena.com,EO Dubai Accelerator,Sanjay Raghunath,5675675678
